h,mu,rho,cash,degree,lower,upper,gap,beta,floor
1.0,0.1,0.01,0.3,512,0.06999999999999999,0.070000000001,1.0000056338554941e-12,0.07000000000000016,0.0011187420807834136
1.0,0.1,0.01,0.3,1024,0.06999999999999999,0.070000000001,1.0000056338554941e-12,0.07000000000000016,0.0011187420807834136
1.0,0.1,0.01,0.3,2048,0.06999999999999999,0.070000000001,1.0000056338554941e-12,0.07000000000000016,0.0011187420807834136
1.0,0.1,0.01,0.3,4096,0.06999999999999999,0.070000000001,1.0000056338554941e-12,0.07000000000000016,0.0011187420807834136
0.5,0.1,0.01,0.3,512,0.04327,0.043270000001000015,1.000012572749398e-12,0.04327000000000013,0.0011187420807834136
0.5,0.1,0.01,0.3,1024,0.04327,0.04327000000100002,1.000019511643302e-12,0.04327000000000013,0.0011187420807834136
0.5,0.1,0.01,0.3,2048,0.04327,0.04327000000100067,1.0006648287763653e-12,0.04327000000000013,0.0011187420807834136
0.5,0.1,0.01,0.3,4096,0.04327,0.04327000000100242,1.0024203689340538e-12,0.04327000000000013,0.0011187420807834136
0.2,0.1,0.01,0.3,512,0.01083807171321923,0.010840924192184406,2.852478965175917e-06,0.010823173388445625,0.0011187420807834136
0.2,0.1,0.01,0.3,1024,0.01083807171321923,0.010839523111368049,1.4513981488190053e-06,0.010823173388445625,0.0011187420807834136
0.2,0.1,0.01,0.3,2048,0.01083807171321923,0.010838799265042911,7.275518236812134e-07,0.010823173388445625,0.0011187420807834136
0.2,0.1,0.01,0.3,4096,0.01083807171321923,0.010838501345640175,4.296324209451807e-07,0.010823173388445625,0.0011187420807834136
0.1,0.1,0.01,0.3,512,0.0025035412269488596,0.0025935782395831216,9.003701263426197e-05,0.0020972383786139327,0.0011187420807834136
0.1,0.1,0.01,0.3,1024,0.0025035412269488596,0.0025481740535472173,4.463282659835765e-05,0.0020972383786139327,0.0011187420807834136
0.1,0.1,0.01,0.3,2048,0.0025035412269488596,0.002525785385431082,2.2244158482222394e-05,0.0020972383786139327,0.0011187420807834136
0.1,0.1,0.01,0.3,4096,0.0025035412269488596,0.002514710078774107,1.116885182524726e-05,0.0020972383786139327,0.0011187420807834136
0.05,0.1,0.01,0.3,512,0.0012520533816345746,0.0014335929608261574,0.0001815395791915828,0.0003961798618040064,0.0011187420807834136
0.05,0.1,0.01,0.3,1024,0.0012520533816345746,0.0013423560417506059,9.030266011603129e-05,0.0003961798618040064,0.0011187420807834136
0.05,0.1,0.01,0.3,2048,0.0012520533816345746,0.0012970913633198744,4.503798168529983e-05,0.0003961798618040064,0.0011187420807834136
0.05,0.1,0.01,0.3,4096,0.0012520533816345746,0.001274560998504778,2.2507616870203525e-05,0.0003961798618040064,0.0011187420807834136
0.02,0.1,0.01,0.3,512,0.0011192711511748827,0.0013331770642602027,0.00021390591308531994,2.2075592157821287e-05,0.0011187420807834136
0.02,0.1,0.01,0.3,1024,0.0011192711511748827,0.0012264466524332697,0.00010717550125838695,2.2075592157821287e-05,0.0011187420807834136
0.02,0.1,0.01,0.3,2048,0.0011192711511748827,0.0011729176386793931,5.364648750451036e-05,2.2075592157821287e-05,0.0011187420807834136
0.02,0.1,0.01,0.3,4096,0.0011192711511748827,0.0011461445722945347,2.687342111965191e-05,2.2075592157821287e-05,0.0011187420807834136
1.0,0.1,0.05,0.3,512,0.06999999999999999,0.07000000000100001,1.000019511643302e-12,0.06999999999999998,0.005475115548644938
1.0,0.1,0.05,0.3,1024,0.06999999999999999,0.070000000001,1.0000056338554941e-12,0.06999999999999998,0.005475115548644938
1.0,0.1,0.05,0.3,2048,0.06999999999999999,0.07000000000100001,1.000019511643302e-12,0.06999999999999998,0.005475115548644938
1.0,0.1,0.05,0.3,4096,0.06999999999999999,0.070000000001,1.0000056338554941e-12,0.06999999999999998,0.005475115548644938
0.5,0.1,0.05,0.3,512,0.04435000000000001,0.04435000000100002,1.000012572749398e-12,0.044349999999999994,0.005475115548644938
0.5,0.1,0.05,0.3,1024,0.04435000000000001,0.04435000000100002,1.000012572749398e-12,0.044349999999999994,0.005475115548644938
0.5,0.1,0.05,0.3,2048,0.04435000000000001,0.04435000000100002,1.000012572749398e-12,0.044349999999999994,0.005475115548644938
0.5,0.1,0.05,0.3,4096,0.04435000000000001,0.044350000001002414,1.002406491146246e-12,0.044349999999999994,0.005475115548644938
0.2,0.1,0.05,0.3,512,0.014356409762500006,0.01436105476239995,4.644999899943922e-06,0.014230884584980227,0.005475115548644938
0.2,0.1,0.05,0.3,1024,0.014356409762500006,0.014358753220786922,2.343458286915498e-06,0.014230884584980227,0.005475115548644938
0.2,0.1,0.05,0.3,2048,0.014356409762500006,0.01435763168687447,1.221924374463293e-06,0.014230884584980227,0.005475115548644938
0.2,0.1,0.05,0.3,4096,0.014356409762500006,0.014357063879112906,6.541166128991305e-07,0.014230884584980227,0.005475115548644938
0.1,0.1,0.05,0.3,512,0.006609999015586605,0.006704054647274301,9.405563168769608e-05,0.005147908218794467,0.005475115548644938
0.1,0.1,0.05,0.3,1024,0.006609999015586605,0.006656723779219576,4.672476363297082e-05,0.005147908218794467,0.005475115548644938
0.1,0.1,0.05,0.3,2048,0.006609999015586605,0.006633358461682266,2.3359446095660985e-05,0.005147908218794467,0.005475115548644938
0.1,0.1,0.05,0.3,4096,0.006609999015586605,0.0066216043971475454,1.1605381560940431e-05,0.005147908218794467,0.005475115548644938
0.05,0.1,0.05,0.3,512,0.005577653990195171,0.005750944633968736,0.00017329064377356526,0.002506315102899432,0.005475115548644938
0.05,0.1,0.05,0.3,1024,0.005577653990195171,0.005663874720714862,8.622073051969131e-05,0.002506315102899432,0.005475115548644938
0.05,0.1,0.05,0.3,2048,0.005577653990195171,0.005620706779764869,4.305278956969784e-05,0.002506315102899432,0.005475115548644938
0.05,0.1,0.05,0.3,4096,0.005577653990195171,0.005599186246044805,2.1532255849634335e-05,0.002506315102899432,0.005475115548644938
0.02,0.1,0.05,0.3,512,0.0054758135630926874,0.005672113223837247,0.00019629966074455937,0.0011713489622875344,0.005475115548644938
0.02,0.1,0.05,0.3,1024,0.0054758135630926874,0.005574488873816726,9.867531072403884e-05,0.0011713489622875344,0.005475115548644938
0.02,0.1,0.05,0.3,2048,0.0054758135630926874,0.0055251387936081,4.932523051541255e-05,0.0011713489622875344,0.005475115548644938
0.02,0.1,0.05,0.3,4096,0.0054758135630926874,0.00550051655475889,2.4702991666202857e-05,0.0011713489622875344,0.005475115548644938
1.0,0.1,0.2,0.3,512,0.07,0.07000000000100001,1.0000056338554941e-12,0.06999999999999998,0.020415945787922968
1.0,0.1,0.2,0.3,1024,0.07,0.070000000001,9.999917560676863e-13,0.06999999999999998,0.020415945787922968
1.0,0.1,0.2,0.3,2048,0.07,0.07000000000100001,1.0000056338554941e-12,0.06999999999999998,0.020415945787922968
1.0,0.1,0.2,0.3,4096,0.07,0.07000000000100011,1.0001027783701488e-12,0.06999999999999998,0.020415945787922968
0.5,0.1,0.2,0.3,512,0.04840000000000001,0.048400000001000025,1.000012572749398e-12,0.048399999999999985,0.020415945787922968
0.5,0.1,0.2,0.3,1024,0.04840000000000001,0.048400000001000025,1.000012572749398e-12,0.048399999999999985,0.020415945787922968
0.5,0.1,0.2,0.3,2048,0.04840000000000001,0.048400000001000226,1.0002138006726113e-12,0.048399999999999985,0.020415945787922968
0.5,0.1,0.2,0.3,4096,0.04840000000000001,0.048400000001000115,1.0001027783701488e-12,0.048399999999999985,0.020415945787922968
0.2,0.1,0.2,0.3,512,0.027025331200000016,0.02703819593088877,1.2864730888753617e-05,0.025878399999999982,0.020415945787922968
0.2,0.1,0.2,0.3,1024,0.027025331200000016,0.027031824305997383,6.49310599736691e-06,0.025878399999999982,0.020415945787922968
0.2,0.1,0.2,0.3,2048,0.027025331200000016,0.02702859831506141,3.2671150613922118e-06,0.025878399999999982,0.020415945787922968
0.2,0.1,0.2,0.3,4096,0.027025331200000016,0.02702698593448763,1.6547344876133296e-06,0.025878399999999982,0.020415945787922968
0.1,0.1,0.2,0.3,512,0.02103984137192761,0.021133553024615052,9.371165268744208e-05,0.01827396176344615,0.020415945787922968
0.1,0.1,0.2,0.3,1024,0.02103984137192761,0.021086443992115192,4.66026201875816e-05,0.01827396176344615,0.020415945787922968
0.1,0.1,0.2,0.3,2048,0.02103984137192761,0.02106311705988527,2.3275687957659275e-05,0.01827396176344615,0.020415945787922968
0.1,0.1,0.2,0.3,4096,0.02103984137192761,0.021051515695931416,1.1674324003806136e-05,0.01827396176344615,0.020415945787922968
0.05,0.1,0.2,0.3,512,0.020470603694229893,0.020606524314951438,0.0001359206207215448,0.015523169521743305,0.020415945787922968
0.05,0.1,0.2,0.3,1024,0.020470603694229893,0.02053847565460189,6.78719603719978e-05,0.015523169521743305,0.020415945787922968
0.05,0.1,0.2,0.3,2048,0.020470603694229893,0.02050453800258406,3.393430835416794e-05,0.015523169521743305,0.020415945787922968
0.05,0.1,0.2,0.3,4096,0.020470603694229893,0.02048758458990041,1.6980895670516694e-05,0.015523169521743305,0.020415945787922968
0.02,0.1,0.2,0.3,512,0.02041633985702893,0.02056158473912712,0.00014524488209819233,0.013755824559257068,0.020415945787922968
0.02,0.1,0.2,0.3,1024,0.02041633985702893,0.020488967804014102,7.262794698517303e-05,0.013755824559257068,0.020415945787922968
0.02,0.1,0.2,0.3,2048,0.02041633985702893,0.020452768927613232,3.642907058430331e-05,0.013755824559257068,0.020415945787922968
0.02,0.1,0.2,0.3,4096,0.02041633985702893,0.020434608775455065,1.8268918426135594e-05,0.013755824559257068,0.020415945787922968
