mu,rho,h,cash,lower,upper,gap,beta,floor,moment_residual
0.05,0.0,1.0,0.1,0.045000000000000005,0.045000000000000005,0.0,0.045000000000000005,0.0,0.0
0.05,0.0,1.0,0.2,0.04000000000000001,0.04000000000000001,0.0,0.04000000000000001,0.0,0.0
0.05,0.0,1.0,0.3,0.034999999999999996,0.034999999999999996,0.0,0.034999999999999996,0.0,0.0
0.05,0.0,0.5,0.1,0.040250000000000015,0.040250000000000015,0.0,0.040250000000000015,0.0,0.0
0.05,0.0,0.5,0.2,0.03050000000000001,0.03050000000000001,0.0,0.03050000000000001,0.0,0.0
0.05,0.0,0.5,0.3,0.020750000000000008,0.020750000000000008,0.0,0.020750000000000008,0.0,0.0
0.05,0.0,0.2,0.1,0.02737809375000002,0.02737809375000002,0.0,0.02737809375000002,0.0,0.0
0.05,0.0,0.2,0.2,0.004756187500000002,0.004756187500000002,0.0,0.004756187500000002,0.0,0.0
0.05,0.0,0.2,0.3,0.0024969375000000013,0.0024969375000000013,0.0,0.0024969375000000013,0.0,0.0
0.05,0.0,0.1,0.1,0.009873693923837905,0.009873693923837905,0.0,0.009873693923837905,0.0,0.0
0.05,0.0,0.1,0.2,0.001259858333906249,0.001259858333906249,0.0,0.001259858333906249,0.0,0.0
0.05,0.0,0.1,0.3,0.00010950259597656256,0.00010950259597656256,0.0,0.00010950259597656256,0.0,0.0
0.05,0.0,0.05,0.1,0.004716272367619605,0.004716272367619605,0.0,0.004716272367619605,0.0,0.0
0.05,0.0,0.05,0.2,0.0001470123772066089,0.0001470123772066089,0.0,0.0001470123772066089,0.0,0.0
0.05,0.0,0.05,0.3,1.8506442475810553e-06,1.8506442475810553e-06,0.0,1.8506442475810553e-06,0.0,0.0
0.05,0.0,0.02,0.1,0.0010740200224576184,0.0010740200224576184,0.0,0.0010740200224576184,0.0,0.0
0.05,0.0,0.02,0.2,7.097824939280614e-07,7.097824939280614e-07,0.0,7.097824939280614e-07,0.0,0.0
0.05,0.0,0.02,0.3,3.2704937356510644e-11,3.2704937356510644e-11,0.0,3.2704937356510644e-11,0.0,0.0
0.05,0.01,1.0,0.1,0.044999999999996876,0.045000000001000004,1.0031281361122524e-12,0.045000000000000026,0.002271780286589288,8.493206138382448e-14
0.05,0.01,1.0,0.2,0.0400000000000066,0.040000000001000006,9.934067457528784e-13,0.04000000000000003,0.0007875319561206073,1.580957587066223e-13
0.05,0.01,1.0,0.3,0.03500000000000269,0.035000000000999995,9.973064041268742e-13,0.03500000000000002,0.00047410091329605497,7.327471962526033e-14
0.05,0.01,0.5,0.1,0.04029749999999703,0.04029750000100002,1.0029893582341742e-12,0.040297499999999986,0.002271780286589288,8.881784197001252e-14
0.05,0.01,0.5,0.2,0.030595000000004,0.03059500000100199,9.97989885176409e-13,0.03059499999999999,0.0007875319561206073,1.389999226830696e-13
0.05,0.01,0.5,0.3,0.020892500000002534,0.020892500001000007,9.97472937580568e-13,0.020892499999999994,0.00047410091329605497,1.3211653993039363e-13
0.05,0.01,0.2,0.1,0.02780319095503971,0.027808165793038592,4.97483799888343e-06,0.027778123886273758,0.002271780286589288,4.587441537751147e-13
0.05,0.01,0.2,0.2,0.005606381910052403,0.0056163315850771885,9.949675024785616e-06,0.00555624777254759,0.0007875319561206073,4.587441537751147e-13
0.05,0.01,0.2,0.3,0.002969859211825931,0.0029703428500919967,4.836382660657751e-07,0.0029672994118583635,0.00047410091329605497,8.72635297355373e-14
0.05,0.01,0.1,0.1,0.011469492058226831,0.011517325074870277,4.78330166434459e-05,0.011233674632342691,0.002271780286589288,4.587441537751147e-13
0.05,0.01,0.1,0.2,0.002026425722260066,0.002063617838987233,3.719211672716712e-05,0.001880904764937333,0.0007875319561206073,1.1435297153639112e-14
0.05,0.01,0.1,0.3,0.0005842431580630043,0.0006560408066936495,7.179764863064514e-05,0.0002454102382399299,0.00047410091329605497,1.5543122344752192e-15
0.05,0.01,0.05,0.1,0.006396997422232805,0.006419297530164851,2.2300107932046384e-05,0.006352931821130748,0.002271780286589288,4.336808689942018e-19
0.05,0.01,0.05,0.2,0.0009350072932624528,0.0010494558973632136,0.0001144486041007608,0.0004311256196877292,0.0007875319561206073,1.8407497748285095e-13
0.05,0.01,0.05,0.3,0.00047655853985601197,0.0005671144262140472,9.055588635803523e-05,1.824164506031591e-05,0.00047410091329605497,7.771561172376096e-16
0.05,0.01,0.02,0.1,0.0031055103308457875,0.003270452393451008,0.00016494206260522044,0.002674854705570385,0.002271780286589288,1.9984014443252818e-15
0.05,0.01,0.02,0.2,0.0007887335502179435,0.0009383315378011315,0.00014959798758318798,3.6150286944916664e-05,0.0007875319561206073,3.552713678800501e-15
0.05,0.01,0.02,0.3,0.000474082868743583,0.0005654924237840572,9.140955504047423e-05,1.9666951661015358e-07,0.00047410091329605497,2.220446049250313e-16
0.05,0.05,1.0,0.1,0.04500000000000097,0.04500000000100011,9.991382721175057e-13,0.04500000000000001,0.009910600109422352,5.306866057708248e-14
0.05,0.05,1.0,0.2,0.04,0.04000000000100011,1.0001097172640527e-12,0.04000000000000001,0.003859051477937525,0.0
0.05,0.05,1.0,0.3,0.03500000000000428,0.035000000000999995,9.957173974228795e-13,0.035,0.0023528562695002975,1.021405182655144e-13
0.05,0.05,0.5,0.1,0.04048750000000086,0.04048750000100277,1.0019068907851647e-12,0.04048750000000001,0.009910600109422352,5.306866057708248e-14
0.05,0.05,0.5,0.2,0.030975000000004516,0.030975000001001986,9.97469468133616e-13,0.030975000000000006,0.003859051477937525,1.2922996006636822e-13
0.05,0.05,0.5,0.3,0.021462500000000863,0.021462500001000886,1.0000229810902539e-12,0.021462500000000006,0.0023528562695002975,4.796163466380676e-14
0.05,0.05,0.2,0.1,0.029422407140438724,0.029429809505869223,7.402365430498464e-06,0.029249010619441698,0.009910600109422352,1.5341894421538882e-14
0.05,0.05,0.2,0.2,0.00884481428086209,0.008859619010738437,1.4804729876347067e-05,0.008498021238883394,0.003859051477937525,1.5341894421538882e-14
0.05,0.05,0.2,0.3,0.004852732203517117,0.0048539110688202766,1.1788653031599705e-06,0.0048188141913114045,0.0023528562695002975,1.5341894421538882e-14
0.05,0.05,0.1,0.1,0.01710184217480229,0.017163307815693283,6.146564089099318e-05,0.015753093934066383,0.009910600109422352,1.5341894421538882e-14
0.05,0.05,0.1,0.2,0.005036769581661867,0.005079870476425379,4.3100894763512324e-05,0.004598771689708754,0.003859051477937525,1.3322676295501878e-15
0.05,0.05,0.1,0.3,0.002466399696683587,0.002535390555368542,6.899085868495528e-05,0.001223237277763001,0.0023528562695002975,2.220446049250313e-16
0.05,0.05,0.05,0.1,0.012664947259205615,0.01273626331498751,7.131605578189482e-05,0.011823162777748836,0.009910600109422352,5.773159728050814e-15
0.05,0.05,0.05,0.2,0.00401171959427766,0.004122803541734787,0.00011108394745712718,0.0025043653860915686,0.003859051477937525,2.731148640577885e-14
0.05,0.05,0.05,0.3,0.0023573544684039375,0.002442724398205265,8.536992980132758e-05,0.0004617674212720012,0.0023528562695002975,7.993605777301127e-15
0.05,0.05,0.02,0.1,0.010316223960475334,0.010522295733635233,0.00020607177315989933,0.008809223093748531,0.009910600109422352,6.661338147750939e-16
0.05,0.05,0.02,0.2,0.0038627770566655186,0.003999713257081891,0.00013693620041637213,0.0013303521552044495,0.003859051477937525,6.661338147750939e-16
0.05,0.05,0.02,0.3,0.0023526731780869597,0.0024390037736042322,8.633059551727256e-05,0.0001642104828326295,0.0023528562695002975,3.219646771412954e-15
0.05,0.2,1.0,0.1,0.045,0.04500000000100011,1.0001097172640527e-12,0.04500000000000001,0.029166666666666667,1.1102230246251565e-16
0.05,0.2,1.0,0.2,0.04000000000000001,0.04000000000100011,1.0001027783701488e-12,0.04000000000000001,0.014442719099991591,1.3877787807814457e-17
0.05,0.2,1.0,0.3,0.03500000000000001,0.035000000001,9.999917560676863e-13,0.035,0.00916407864998739,1.3877787807814457e-17
0.05,0.2,0.5,0.1,0.04120000000000001,0.04120000000100034,1.0003317618689778e-12,0.04120000000000001,0.029166666666666667,1.734723475976807e-18
0.05,0.2,0.5,0.2,0.032400000000000005,0.03240000000100044,1.0004358452775364e-12,0.032400000000000005,0.014442719099991591,1.3877787807814457e-17
0.05,0.2,0.5,0.3,0.0236,0.02360000000100002,1.000019511643302e-12,0.023600000000000003,0.00916407864998739,6.938893903907228e-18
0.05,0.2,0.2,0.1,0.034449011200000004,0.03446105689386113,1.204569386112353e-05,0.033500114285714304,0.029166666666666667,1.734723475976807e-18
0.05,0.2,0.2,0.2,0.018898022400000002,0.01892211378672226,2.4091386722258773e-05,0.017000228571428577,0.014442719099991591,1.734723475976807e-18
0.05,0.2,0.2,0.3,0.011687577600000004,0.011692758968480552,5.181368480548093e-06,0.011205485714285719,0.00916407864998739,1.734723475976807e-18
0.05,0.2,0.1,0.1,0.030506018527570837,0.030563395801679844,5.737727410900714e-05,0.02605920071680005,0.029166666666666667,1.734723475976807e-18
0.05,0.2,0.1,0.2,0.015558433824769447,0.015603608990158727,4.5175165389280125e-05,0.014002651545600023,0.014442719099991591,6.938893903907228e-18
0.05,0.2,0.1,0.3,0.009295302067953705,0.009352008128951147,5.670606099744159e-05,0.0073846575104000115,0.00916407864998739,0.0
0.05,0.2,0.05,0.1,0.029524684037219816,0.029611272236354003,8.658819913418686e-05,0.024004710982169004,0.029166666666666667,1.734723475976807e-18
0.05,0.2,0.05,0.2,0.014611191635412961,0.014695415350692652,8.422371527969097e-05,0.012200032094592268,0.014442719099991591,6.938893903907228e-18
0.05,0.2,0.05,0.3,0.009173161552976929,0.009240728263836151,6.756671085922199e-05,0.00606932557502317,0.00916407864998739,0.0
0.05,0.2,0.02,0.1,0.029184783981313408,0.029305628392924568,0.00012084441161116025,0.022516354552334056,0.029166666666666667,6.938893903907228e-18
0.05,0.2,0.02,0.2,0.014447494111118401,0.014548233360461108,0.00010073924934270694,0.011006062630534106,0.014442719099991591,2.0816681711721685e-17
0.05,0.2,0.02,0.3,0.009163906689356825,0.009232800352561993,6.889366320516829e-05,0.005245260946393045,0.00916407864998739,6.938893903907228e-18
0.05,1.0,1.0,0.1,0.045000000000000005,0.045000000000000005,0.0,0.045000000000000005,0.045,0.0
0.05,1.0,1.0,0.2,0.04000000000000001,0.04000000000000001,0.0,0.04000000000000001,0.04,0.0
0.05,1.0,1.0,0.3,0.034999999999999996,0.034999999999999996,0.0,0.034999999999999996,0.035,0.0
0.05,1.0,0.5,0.1,0.045000000000000005,0.045000000000000005,0.0,0.045000000000000005,0.045,0.0
0.05,1.0,0.5,0.2,0.04000000000000001,0.04000000000000001,0.0,0.04000000000000001,0.04,0.0
0.05,1.0,0.5,0.3,0.034999999999999996,0.034999999999999996,0.0,0.034999999999999996,0.035,0.0
0.05,1.0,0.2,0.1,0.045000000000000005,0.045000000000000005,0.0,0.045000000000000005,0.045,0.0
0.05,1.0,0.2,0.2,0.04000000000000001,0.04000000000000001,0.0,0.04000000000000001,0.04,0.0
0.05,1.0,0.2,0.3,0.034999999999999996,0.034999999999999996,0.0,0.034999999999999996,0.035,0.0
0.05,1.0,0.1,0.1,0.045000000000000005,0.045000000000000005,0.0,0.045000000000000005,0.045,0.0
0.05,1.0,0.1,0.2,0.04000000000000001,0.04000000000000001,0.0,0.04000000000000001,0.04,0.0
0.05,1.0,0.1,0.3,0.034999999999999996,0.034999999999999996,0.0,0.034999999999999996,0.035,0.0
0.05,1.0,0.05,0.1,0.045000000000000005,0.045000000000000005,0.0,0.045000000000000005,0.045,0.0
0.05,1.0,0.05,0.2,0.04000000000000001,0.04000000000000001,0.0,0.04000000000000001,0.04,0.0
0.05,1.0,0.05,0.3,0.034999999999999996,0.034999999999999996,0.0,0.034999999999999996,0.035,0.0
0.05,1.0,0.02,0.1,0.045000000000000005,0.045000000000000005,0.0,0.045000000000000005,0.045,0.0
0.05,1.0,0.02,0.2,0.04000000000000001,0.04000000000000001,0.0,0.04000000000000001,0.04,0.0
0.05,1.0,0.02,0.3,0.034999999999999996,0.034999999999999996,0.0,0.034999999999999996,0.035,0.0
0.1,0.0,1.0,0.1,0.09000000000000001,0.09000000000000001,0.0,0.09000000000000001,0.0,0.0
0.1,0.0,1.0,0.2,0.08000000000000002,0.08000000000000002,0.0,0.08000000000000002,0.0,0.0
0.1,0.0,1.0,0.3,0.06999999999999999,0.06999999999999999,0.0,0.06999999999999999,0.0,0.0
0.1,0.0,0.5,0.1,0.08100000000000003,0.08100000000000003,0.0,0.08100000000000003,0.0,0.0
0.1,0.0,0.5,0.2,0.06200000000000001,0.06200000000000001,0.0,0.06200000000000001,0.0,0.0
0.1,0.0,0.5,0.3,0.04300000000000001,0.04300000000000001,0.0,0.04300000000000001,0.0,0.0
0.1,0.0,0.2,0.1,0.05904899999999998,0.05904899999999998,0.0,0.05904899999999998,0.0,0.0
0.1,0.0,0.2,0.2,0.01809799999999999,0.01809799999999999,0.0,0.01809799999999999,0.0,0.0
0.1,0.0,0.2,0.3,0.009951999999999999,0.009951999999999999,0.0,0.009951999999999999,0.0,0.0
0.1,0.0,0.1,0.1,0.03486784401000003,0.03486784401000003,0.0,0.03486784401000003,0.0,0.0
0.1,0.0,0.1,0.2,0.008477736920000003,0.008477736920000003,0.0,0.008477736920000003,0.0,0.0
0.1,0.0,0.1,0.3,0.001458654280000002,0.001458654280000002,0.0,0.001458654280000002,0.0,0.0
0.1,0.0,0.05,0.1,0.025666182635786863,0.025666182635786863,0.0,0.025666182635786863,0.0,0.0
0.1,0.0,0.05,0.2,0.0028648567235434004,0.0028648567235434004,0.0,0.0028648567235434004,0.0,0.0
0.1,0.0,0.05,0.3,0.00014347525109477865,0.00014347525109477865,0.0,0.00014347525109477865,0.0,0.0
0.1,0.0,0.02,0.1,0.016643214080569388,0.016643214080569388,0.0,0.016643214080569388,0.0,0.0
0.1,0.0,0.02,0.2,0.000279206570648086,0.000279206570648086,0.0,0.000279206570648086,0.0,0.0
0.1,0.0,0.02,0.3,4.4453917213103403e-07,4.4453917213103403e-07,0.0,4.4453917213103403e-07,0.0,0.0
0.1,0.01,1.0,0.1,0.09000000000000001,0.09000000000100011,1.0001027783701488e-12,0.09000000000000022,0.015,0.0
0.1,0.01,1.0,0.2,0.08,0.08000000000100002,1.000019511643302e-12,0.0800000000000002,0.0022015325445527423,0.0
0.1,0.01,1.0,0.3,0.06999999999999999,0.070000000001,1.0000056338554941e-12,0.07000000000000016,0.0011187420807834136,1.1102230246251565e-16
0.1,0.01,0.5,0.1,0.08109000000000005,0.08109000000100004,9.999917560676863e-13,0.08109000000000027,0.015,0.0
0.1,0.01,0.5,0.2,0.06218000000000003,0.06218000000100001,9.999848171737824e-13,0.0621800000000002,0.0022015325445527423,1.1102230246251565e-16
0.1,0.01,0.5,0.3,0.04327000000000001,0.043270000001000015,1.0000056338554941e-12,0.04327000000000013,0.0011187420807834136,0.0
0.1,0.01,0.2,0.1,0.059775239868390034,0.05979126238085476,1.6022512464727856e-05,0.05969476107805444,0.015,1.734723475976807e-18
0.1,0.01,0.2,0.2,0.019550479736780015,0.01958252476070951,3.204502392949518e-05,0.019389522156108778,0.0022015325445527423,1.734723475976807e-18
0.1,0.01,0.2,0.3,0.010838071713220009,0.010840924192184406,2.852478964397026e-06,0.010823173388445625,0.0011187420807834136,1.734723475976807e-18
0.1,0.01,0.1,0.1,0.03718702120811666,0.037314258626398825,0.00012723741828216117,0.03655795945381933,0.015,1.734723475976807e-18
0.1,0.01,0.1,0.2,0.010045911146019403,0.010059979803230541,1.4068657211138702e-05,0.010009272484887838,0.0022015325445527423,0.0
0.1,0.01,0.1,0.3,0.002503441510907714,0.0025935782395831216,9.013672867540755e-05,0.0020972383786139327,0.0011187420807834136,0.0
0.1,0.01,0.05,0.1,0.028575569053566674,0.02868331103566936,0.00010774198210268537,0.0280993622341673,0.015,1.3877787807814457e-17
0.1,0.01,0.05,0.2,0.00472939895696612,0.004834496418100964,0.00010509746113484403,0.004344930904219974,0.0022015325445527423,3.419486915845482e-14
0.1,0.01,0.05,0.3,0.0012518379366907545,0.0014335929608261574,0.0001817550241354029,0.0003961798618040064,0.0011187420807834136,1.734723475976807e-18
0.1,0.01,0.02,0.1,0.020841201559736462,0.02101145152171592,0.00017024996197945869,0.0203597876671395,0.015,0.0
0.1,0.01,0.02,0.2,0.0024231379374141265,0.0027454466665412895,0.00032230872912716304,0.0011569203097244764,0.0022015325445527423,0.0
0.1,0.01,0.02,0.3,0.0011190489319441237,0.0013331770642602027,0.00021412813231607894,2.2075592157821287e-05,0.0011187420807834136,2.220446049250313e-16
0.1,0.05,1.0,0.1,0.09,0.09000000000100011,1.0001166561579566e-12,0.08999999999999998,0.033541019662496854,1.1102230246251565e-16
0.1,0.05,1.0,0.2,0.08000000000000002,0.08000000000100012,1.0001027783701488e-12,0.07999999999999999,0.01020797289396147,0.0
0.1,0.05,1.0,0.3,0.07,0.07000000000100001,1.0000056338554941e-12,0.06999999999999998,0.005475115548644938,0.0
0.1,0.05,0.5,0.1,0.08145000000000002,0.08145000000100035,1.0003248229750739e-12,0.08144999999999998,0.033541019662496854,1.1102230246251565e-16
0.1,0.05,0.5,0.2,0.06290000000000001,0.06290000000100045,1.0004358452775364e-12,0.06289999999999998,0.01020797289396147,0.0
0.1,0.05,0.5,0.3,0.044350000000000014,0.04435000000100002,1.0000056338554941e-12,0.044349999999999994,0.005475115548644938,0.0
0.1,0.05,0.2,0.1,0.06254551074375002,0.06256484101471758,1.9330270967565788e-05,0.06209164374647089,0.033541019662496854,1.734723475976807e-18
0.1,0.05,0.2,0.2,0.025091021487500007,0.02512968202843514,3.866054093513288e-05,0.024183287492941824,0.01020797289396147,1.734723475976807e-18
0.1,0.05,0.2,0.3,0.014356409762500006,0.01436105476239995,4.644999899943922e-06,0.014230884584980227,0.005475115548644938,1.734723475976807e-18
0.1,0.05,0.1,0.1,0.04543218358647493,0.045565607386708305,0.0001334238002333732,0.042434812557060275,0.033541019662496854,1.734723475976807e-18
0.1,0.05,0.1,0.2,0.01613645496639791,0.016175689901987374,3.9234935589462644e-05,0.015760867971750615,0.01020797289396147,0.0
0.1,0.05,0.1,0.3,0.0066099973399621655,0.006704054647274301,9.405730731213563e-05,0.005147908218794467,0.005475115548644938,1.1102230246251565e-16
0.1,0.05,0.05,0.1,0.03913773032253087,0.039304902623740014,0.00016717230120914112,0.03595706585852138,0.033541019662496854,1.6653345369377348e-15
0.1,0.05,0.05,0.2,0.011818827088665782,0.011959501610745774,0.00014067452207999244,0.010455301653758962,0.01020797289396147,1.1102230246251565e-16
0.1,0.05,0.05,0.3,0.005577437345764106,0.005750944633968736,0.00017350728820463013,0.002506315102899432,0.005475115548644938,1.1102230246251565e-16
0.1,0.05,0.02,0.1,0.0347149055422031,0.035055999948962364,0.0003410944067592653,0.03072481032002916,0.033541019662496854,0.0
0.1,0.05,0.02,0.2,0.010312660596428826,0.010617659950604024,0.0003049993541751981,0.006881567371667858,0.01020797289396147,1.1102230246251565e-16
0.1,0.05,0.02,0.3,0.005475789295951133,0.005672113223837247,0.00019632392788611341,0.0011713489622875344,0.005475115548644938,0.0
0.1,0.2,1.0,0.1,0.09,0.09000000000100011,1.0001166561579566e-12,0.08999999999999998,0.0642857142857143,1.3877787807814457e-17
0.1,0.2,1.0,0.2,0.08000000000000002,0.08000000000100012,1.0001027783701488e-12,0.07999999999999999,0.03366600265340755,1.1102230246251565e-16
0.1,0.2,1.0,0.3,0.07,0.07000000000100001,1.0000056338554941e-12,0.06999999999999998,0.020415945787922968,1.1102230246251565e-16
0.1,0.2,0.5,0.1,0.08280000000000001,0.08280000000100035,1.0003387007628817e-12,0.08279999999999996,0.0642857142857143,1.3877787807814457e-17
0.1,0.2,0.5,0.2,0.0656,0.06560000000100044,1.0004358452775364e-12,0.06559999999999996,0.03366600265340755,1.1102230246251565e-16
0.1,0.2,0.5,0.3,0.04840000000000001,0.048400000001000025,1.000012572749398e-12,0.048399999999999985,0.020415945787922968,1.3877787807814457e-17
0.1,0.2,0.2,0.1,0.07119613440000001,0.07122092503936306,2.4790639363045375e-05,0.06922079999999994,0.0642857142857143,3.469446951953614e-18
0.1,0.2,0.2,0.2,0.042392268800000014,0.04244185007772609,4.958127772607818e-05,0.03844159999999997,0.03366600265340755,3.469446951953614e-18
0.1,0.2,0.2,0.3,0.02702533120000001,0.02703819593088877,1.2864730888760556e-05,0.025878399999999982,0.020415945787922968,3.469446951953614e-18
0.1,0.2,0.1,0.1,0.06562282365808021,0.06572399098776209,0.00010116732968187825,0.05732986316012303,0.0642857142857143,3.469446951953614e-18
0.1,0.2,0.1,0.2,0.036554506421105186,0.03662971408389236,7.520766278717311e-05,0.03285968287901536,0.03366600265340755,3.469446951953614e-18
0.1,0.2,0.1,0.3,0.021039704521683394,0.021133553024615052,9.384850293165867e-05,0.01827396176344615,0.020415945787922968,0.0
0.1,0.2,0.05,0.1,0.06453045265633209,0.06467557668628207,0.0001451240299499834,0.053923184886349576,0.0642857142857143,3.469446951953614e-18
0.1,0.2,0.05,0.2,0.034207827711587036,0.03435716150943674,0.00014933379784970446,0.02943106813767417,0.03366600265340755,1.1102230246251565e-16
0.1,0.2,0.05,0.3,0.020470389306771093,0.020606524314951438,0.00013613500818034432,0.015523169521743305,0.020415945787922968,1.1102230246251565e-16
0.1,0.2,0.02,0.1,0.06429002864779955,0.06446635738667567,0.00017632873887611644,0.05144555724129114,0.0642857142857143,2.7755575615628914e-17
0.1,0.2,0.02,0.2,0.03368607341430852,0.033887349083904214,0.00020127566959569215,0.027118139823156234,0.03366600265340755,3.469446951953614e-18
0.1,0.2,0.02,0.3,0.020416227489499915,0.02056158473912712,0.00014535724962720653,0.013755824559257068,0.020415945787922968,3.469446951953614e-18
0.1,1.0,1.0,0.1,0.09000000000000001,0.09000000000000001,0.0,0.09000000000000001,0.09,0.0
0.1,1.0,1.0,0.2,0.08000000000000002,0.08000000000000002,0.0,0.08000000000000002,0.08,0.0
0.1,1.0,1.0,0.3,0.06999999999999999,0.06999999999999999,0.0,0.06999999999999999,0.07,0.0
0.1,1.0,0.5,0.1,0.09000000000000001,0.09000000000000001,0.0,0.09000000000000001,0.09,0.0
0.1,1.0,0.5,0.2,0.08000000000000002,0.08000000000000002,0.0,0.08000000000000002,0.08,0.0
0.1,1.0,0.5,0.3,0.06999999999999999,0.06999999999999999,0.0,0.06999999999999999,0.07,0.0
0.1,1.0,0.2,0.1,0.09000000000000001,0.09000000000000001,0.0,0.09000000000000001,0.09,0.0
0.1,1.0,0.2,0.2,0.08000000000000002,0.08000000000000002,0.0,0.08000000000000002,0.08,0.0
0.1,1.0,0.2,0.3,0.06999999999999999,0.06999999999999999,0.0,0.06999999999999999,0.07,0.0
0.1,1.0,0.1,0.1,0.09000000000000001,0.09000000000000001,0.0,0.09000000000000001,0.09,0.0
0.1,1.0,0.1,0.2,0.08000000000000002,0.08000000000000002,0.0,0.08000000000000002,0.08,0.0
0.1,1.0,0.1,0.3,0.06999999999999999,0.06999999999999999,0.0,0.06999999999999999,0.07,0.0
0.1,1.0,0.05,0.1,0.09000000000000001,0.09000000000000001,0.0,0.09000000000000001,0.09,0.0
0.1,1.0,0.05,0.2,0.08000000000000002,0.08000000000000002,0.0,0.08000000000000002,0.08,0.0
0.1,1.0,0.05,0.3,0.06999999999999999,0.06999999999999999,0.0,0.06999999999999999,0.07,0.0
0.1,1.0,0.02,0.1,0.09000000000000001,0.09000000000000001,0.0,0.09000000000000001,0.09,0.0
0.1,1.0,0.02,0.2,0.08000000000000002,0.08000000000000002,0.0,0.08000000000000002,0.08,0.0
0.1,1.0,0.02,0.3,0.06999999999999999,0.06999999999999999,0.0,0.06999999999999999,0.07,0.0
0.2,0.0,1.0,0.1,0.18000000000000002,0.18000000000000002,0.0,0.18000000000000002,0.1,0.0
0.2,0.0,1.0,0.2,0.16000000000000003,0.16000000000000003,0.0,0.16000000000000003,0.0,0.0
0.2,0.0,1.0,0.3,0.13999999999999999,0.13999999999999999,0.0,0.13999999999999999,0.0,0.0
0.2,0.0,0.5,0.1,0.16399999999999998,0.16399999999999998,0.0,0.16399999999999998,0.1,0.0
0.2,0.0,0.5,0.2,0.128,0.128,0.0,0.128,0.0,0.0
0.2,0.0,0.5,0.3,0.092,0.092,0.0,0.092,0.0,0.0
0.2,0.0,0.2,0.1,0.132768,0.132768,0.0,0.132768,0.1,0.0
0.2,0.0,0.2,0.2,0.06553599999999998,0.06553599999999998,0.0,0.06553599999999998,0.0,0.0
0.2,0.0,0.2,0.3,0.03926400000000001,0.03926400000000001,0.0,0.03926400000000001,0.0,0.0
0.2,0.0,0.1,0.1,0.11073741824,0.11073741824,0.0,0.11073741824,0.1,0.0
0.2,0.0,0.1,0.2,0.04831838207999998,0.04831838207999998,0.0,0.04831838207999998,0.0,0.0
0.2,0.0,0.1,0.3,0.016098334719999996,0.016098334719999996,0.0,0.016098334719999996,0.0,0.0
0.2,0.0,0.05,0.1,0.1040352252661241,0.1040352252661241,0.0,0.1040352252661241,0.1,0.0
0.2,0.0,0.05,0.2,0.03491190431137614,0.03491190431137614,0.0,0.03491190431137614,0.0,0.0
0.2,0.0,0.05,0.3,0.006604706779487021,0.006604706779487021,0.0,0.006604706779487021,0.0,0.0
0.2,0.0,0.02,0.1,0.10051289483882109,0.10051289483882109,0.0,0.10051289483882109,0.1,0.0
0.2,0.0,0.02,0.2,0.02237104082789048,0.02237104082789048,0.0,0.02237104082789048,0.0,0.0
0.2,0.0,0.02,0.3,0.0011082696807814818,0.0011082696807814818,0.0,0.0011082696807814818,0.0,0.0
0.2,0.01,1.0,0.1,0.18000000000001729,0.18000000000100005,9.827694213981886e-13,0.1799999999999995,0.10384615384615385,9.658940314238862e-14
0.2,0.01,1.0,0.2,0.16000000000000272,0.16000000000100004,9.973133430207781e-13,0.15999999999999956,0.01999999999999999,1.887379141862766e-14
0.2,0.01,1.0,0.3,0.1400000000000126,0.140000000001,9.874046025259986e-13,0.1399999999999996,0.0038516480713450263,8.815170815523743e-14
0.2,0.01,0.5,0.1,0.16416000000001577,0.1641600000010009,9.85128645325517e-13,0.16416000000000017,0.10384615384615385,9.658940314238862e-14
0.2,0.01,0.5,0.2,0.12832000000001118,0.12832000000100047,9.892919816678614e-13,0.12832000000000013,0.01999999999999999,8.504308368628699e-14
0.2,0.01,0.5,0.3,0.09248000000000671,0.09248000000100023,9.935247069492448e-13,0.09248000000000006,0.0038516480713450263,6.616929226765933e-14
0.2,0.01,0.2,0.1,0.13380965572589523,0.13385572217993927,4.6066454044035865e-05,0.13357814947769586,0.10384615384615385,1.3408163468398016e-12
0.2,0.01,0.2,0.2,0.06761931145206664,0.06771144435887849,9.213290681185649e-05,0.06715629895539163,0.01999999999999999,1.3408163468398016e-12
0.2,0.01,0.2,0.3,0.0407749797477837,0.04079170389685208,1.672414906837838e-05,0.04068921764332675,0.0038516480713450263,1.3408163468398016e-12
0.2,0.01,0.1,0.1,0.11318339287304434,0.11343196512488163,0.0002485722518372896,0.1119389117899861,0.10384615384615385,1.3408163468398016e-12
0.2,0.01,0.1,0.2,0.050967593377794766,0.05103051471817558,6.292134038081432e-05,0.05067946229218616,0.01999999999999999,4.440892098500626e-16
0.2,0.01,0.1,0.3,0.018286119063940363,0.018314983041416016,2.8863977475653002e-05,0.01818874425612038,0.0038516480713450263,9.170442183403793e-14
0.2,0.01,0.05,0.1,0.10713413671782251,0.10751269216664934,0.00037855544882682557,0.10528718943957495,0.10384615384615385,1.2878587085651816e-14
0.2,0.01,0.05,0.2,0.03849849936802405,0.038571641655522265,7.314228749821794e-05,0.03824784128769569,0.01999999999999999,9.325873406851315e-15
0.2,0.01,0.05,0.3,0.009421425073700428,0.009559342473757448,0.00013791740005702005,0.008904304196603345,0.0038516480713450263,4.951594689828198e-14
0.2,0.01,0.02,0.1,0.10419763797435105,0.10479595733324393,0.0005983193588928737,0.10133770553841237,0.10384615384615385,2.1094237467877974e-15
0.2,0.01,0.02,0.2,0.027830420181507845,0.028022732111016357,0.0001923119295085124,0.027404242425273333,0.01999999999999999,5.995204332975845e-15
0.2,0.01,0.02,0.3,0.0046499762173948505,0.00509680398004804,0.0004468277626531892,0.0029765248888479505,0.0038516480713450263,3.774758283725532e-15
0.2,0.05,1.0,0.1,0.18,0.18000000000100005,1.0000611450067254e-12,0.18000000000000013,0.11666666666666667,0.0
0.2,0.05,1.0,0.2,0.16000000000000003,0.16000000000100004,1.0000056338554941e-12,0.16000000000000014,0.04472135954999579,2.7755575615628914e-17
0.2,0.05,1.0,0.3,0.14,0.1400000000010001,1.000088900582341e-12,0.1400000000000001,0.017082039324993692,2.7755575615628914e-17
0.2,0.05,0.5,0.1,0.16480000000000003,0.16480000000100037,1.0003387007628817e-12,0.1647999999999994,0.11666666666666667,0.0
0.2,0.05,0.5,0.2,0.12960000000000005,0.12960000000100044,1.000394211914113e-12,0.12959999999999955,0.04472135954999579,2.220446049250313e-16
0.2,0.05,0.5,0.3,0.09440000000000004,0.09440000000100024,1.0001999228848035e-12,0.0943999999999997,0.017082039324993692,1.1102230246251565e-16
0.2,0.05,0.2,0.1,0.13779604480000002,0.13784422757244452,4.818277244450497e-05,0.1366527241106711,0.11666666666666667,6.938893903907228e-18
0.2,0.05,0.2,0.2,0.07559208960000001,0.075688455143889,9.636554388899043e-05,0.07330544822134341,0.04472135954999579,6.938893903907228e-18
0.2,0.05,0.2,0.3,0.046750310400000016,0.046771035870922205,2.072547092218935e-05,0.0462290972332013,0.017082039324993692,6.938893903907228e-18
0.2,0.05,0.1,0.1,0.12202407411028335,0.12225358320371937,0.00022950909343602555,0.11658835877379121,0.11666666666666667,6.938893903907228e-18
0.2,0.05,0.1,0.2,0.06114384081756204,0.06124558743243011,0.0001017466148680729,0.05922455363866133,0.04472135954999579,0.0
0.2,0.05,0.1,0.3,0.02678181760581512,0.02684565980469783,6.384219888271037e-05,0.026112182105569502,0.017082039324993692,2.7755575615628914e-17
0.2,0.05,0.05,0.1,0.11809873614887927,0.11844508894241601,0.0003463527935367444,0.11039966040974075,0.11666666666666667,6.938893903907228e-18
0.2,0.05,0.05,0.2,0.051777851334178795,0.05196160357932463,0.0001837522451458365,0.04943333619830284,0.04472135954999579,2.7755575615628914e-17
0.2,0.05,0.05,0.3,0.020052471962480483,0.020253641088274855,0.0002011691257943725,0.01786377405481008,0.017082039324993692,2.7755575615628914e-17
0.2,0.05,0.02,0.1,0.11673913592525363,0.11722251356869827,0.00048337764344463796,0.1061229925836447,0.11666666666666667,2.7755575615628914e-17
0.2,0.05,0.02,0.2,0.04607956993604134,0.0465370094268725,0.0004574394908311574,0.041928438490180145,0.04472135954999579,0.0
0.2,0.05,0.02,0.3,0.017319027822476008,0.0177768072674252,0.0004577794449491905,0.012198637828822335,0.017082039324993692,0.0
0.2,0.2,1.0,0.1,0.18,0.18000000000100005,1.0000611450067254e-12,0.18000000000000008,0.14444444444444446,1.1102230246251565e-16
0.2,0.2,1.0,0.2,0.16000000000000003,0.16000000000100004,1.0000056338554941e-12,0.16000000000000006,0.0894427190999916,0.0
0.2,0.2,1.0,0.3,0.14,0.1400000000010001,1.000088900582341e-12,0.14000000000000004,0.05246950765959599,0.0
0.2,0.2,0.5,0.1,0.16720000000000002,0.16720000000100008,1.0000611450067254e-12,0.16720000000000007,0.14444444444444446,1.1102230246251565e-16
0.2,0.2,0.5,0.2,0.13440000000000002,0.13440000000100033,1.000310945187266e-12,0.13440000000000005,0.0894427190999916,0.0
0.2,0.2,0.5,0.3,0.10160000000000002,0.10160000000100045,1.0004219674897286e-12,0.10160000000000004,0.05246950765959599,2.7755575615628914e-17
0.2,0.2,0.2,0.1,0.1504096768000001,0.15045827223421804,4.8595434217924005e-05,0.14642560000000004,0.14444444444444446,2.7755575615628914e-17
0.2,0.2,0.2,0.2,0.10081935360000005,0.10091654446743606,9.719086743600891e-05,0.0928512,0.0894427190999916,2.7755575615628914e-17
0.2,0.2,0.2,0.3,0.06800624640000003,0.06804097745551581,3.4731055515782594e-05,0.06506879999999998,0.05246950765959599,2.7755575615628914e-17
0.2,0.2,0.1,0.1,0.14508495639144833,0.14523173697120983,0.00014678057976150183,0.13160657502952716,0.14444444444444446,2.7755575615628914e-17
0.2,0.2,0.1,0.2,0.09377279248479296,0.09392443487635921,0.00015164239156624515,0.0839387730292363,0.0894427190999916,2.7755575615628914e-17
0.2,0.2,0.1,0.3,0.05535211867384924,0.055480605618862026,0.00012848694501278735,0.051260037641309084,0.05246950765959599,2.7755575615628914e-17
0.2,0.2,0.05,0.1,0.1444933674192893,0.14467651924436586,0.00018315182507655514,0.12731363113507715,0.14444444444444446,1.3877787807814457e-17
0.2,0.2,0.05,0.2,0.09034936211020517,0.09059412048670959,0.00024475837650442256,0.07838864771789318,0.0894427190999916,2.7755575615628914e-17
0.2,0.2,0.05,0.3,0.05291081862462534,0.05314795784097897,0.00023713921635362678,0.045928589519134366,0.05246950765959599,2.7755575615628914e-17
0.2,0.2,0.02,0.1,0.14444451531757763,0.14463664177762514,0.00019212646004751477,0.12426069629408767,0.14444444444444446,2.7755575615628914e-17
0.2,0.2,0.02,0.2,0.08947187215315577,0.08980835943420336,0.0003364872810475844,0.07458796255560307,0.0894427190999916,0.0
0.2,0.2,0.02,0.3,0.05247768086311636,0.05277742299160734,0.0002997421284909804,0.04238804779872393,0.05246950765959599,2.7755575615628914e-17
0.2,1.0,1.0,0.1,0.18000000000000002,0.18000000000000002,0.0,0.18000000000000002,0.18000000000000002,0.0
0.2,1.0,1.0,0.2,0.16000000000000003,0.16000000000000003,0.0,0.16000000000000003,0.16,0.0
0.2,1.0,1.0,0.3,0.13999999999999999,0.13999999999999999,0.0,0.13999999999999999,0.14,0.0
0.2,1.0,0.5,0.1,0.18000000000000002,0.18000000000000002,0.0,0.18000000000000002,0.18000000000000002,0.0
0.2,1.0,0.5,0.2,0.16000000000000003,0.16000000000000003,0.0,0.16000000000000003,0.16,0.0
0.2,1.0,0.5,0.3,0.13999999999999999,0.13999999999999999,0.0,0.13999999999999999,0.14,0.0
0.2,1.0,0.2,0.1,0.18000000000000002,0.18000000000000002,0.0,0.18000000000000002,0.18000000000000002,0.0
0.2,1.0,0.2,0.2,0.16000000000000003,0.16000000000000003,0.0,0.16000000000000003,0.16,0.0
0.2,1.0,0.2,0.3,0.13999999999999999,0.13999999999999999,0.0,0.13999999999999999,0.14,0.0
0.2,1.0,0.1,0.1,0.18000000000000002,0.18000000000000002,0.0,0.18000000000000002,0.18000000000000002,0.0
0.2,1.0,0.1,0.2,0.16000000000000003,0.16000000000000003,0.0,0.16000000000000003,0.16,0.0
0.2,1.0,0.1,0.3,0.13999999999999999,0.13999999999999999,0.0,0.13999999999999999,0.14,0.0
0.2,1.0,0.05,0.1,0.18000000000000002,0.18000000000000002,0.0,0.18000000000000002,0.18000000000000002,0.0
0.2,1.0,0.05,0.2,0.16000000000000003,0.16000000000000003,0.0,0.16000000000000003,0.16,0.0
0.2,1.0,0.05,0.3,0.13999999999999999,0.13999999999999999,0.0,0.13999999999999999,0.14,0.0
0.2,1.0,0.02,0.1,0.18000000000000002,0.18000000000000002,0.0,0.18000000000000002,0.18000000000000002,0.0
0.2,1.0,0.02,0.2,0.16000000000000003,0.16000000000000003,0.0,0.16000000000000003,0.16,0.0
0.2,1.0,0.02,0.3,0.13999999999999999,0.13999999999999999,0.0,0.13999999999999999,0.14,0.0
